Rank,Account,Character,Class,Level,Experience,Dead
1,Poteitik#3151,Lyaguxesht,Champion,100,4250334444,
2,heygyus#0416,ResurrectAgain,Pathfinder,100,4250334444,
3,elliot1735#2647,God,Elementalist,100,4250334444,
4,Mikle#3761,Misha_Pudge,Ascendant,100,4250334444,
5,ЖИРУХА_ВИТИ#5474,чМина,Inquisitor,100,4250334444,
6,AdryBest#6973,Armandoner,Deadeye,100,4250334444,
7,BoniFletcher#2174,PoeTwoTheWorstARPG,Necromancer,100,4250334444,
8,묵은지김치찜2#7878,Kimchi_SoLongRace,Chieftain,100,4250334444,
9,OrcScorpion#0890,Orc_Clanker,Ascendant,100,4250334444,
10,cedeoe#4115,cedeoe,Assassin,100,4250334444,
11,Fendiglock228#4759,Raveghost_Megabonk,Juggernaut,100,4250334444,
12,Gandon#3761,KisiKisiMoewMeow,Hierophant,100,4250334444,
13,AgroMorph#2931,我讨厌这个游戏,Deadeye,100,4250334444,
14,ImpersonalPWNZ#0516,xxq,Deadeye,100,4250334444,
15,UNIKOS1337#4855,ElektroPOE_RMT_LOVE,Elementalist,100,4250334444,Dead
16,marchrabbit#7904,弗洛洛洛,Deadeye,100,4250334444,
17,Xalention#6576,Xal_WombRaiders,Ascendant,100,4250334444,
18,Kassadus#7130,Kassadus_NotBow,Deadeye,100,4250334444,
19,쁘레따뽀르떼#4360,ㅇㅇㅍ,Juggernaut,100,4250334444,
20,ShairoNN#4081,fgdfgdrtlrejtowe,Hierophant,100,4250334444,
21,chimerashadowgarden#6383,ZERO_USDT_SPS_PRIVATKA,Deadeye,100,4250334444,Dead
22,adorneddays#5166,DOMAINBOSS,Elementalist,100,4250334444,
23,WinsGoat#0180,MilfHunterAndrey,Pathfinder,100,4250334444,
24,Belirs#4934,RaiderTouristJuicer,Pathfinder,100,4250334444,
25,kkkkjojho#2308,илюхалерс,Pathfinder,100,4250334444,
26,tfny_#4671,alemba_witch,Occultist,100,4250334444,
27,kurbakOFFF#4257,МЭЛМАН,Slayer,100,4250334444,
28,CrystalCage#2271,YoggSaronisAlive,Juggernaut,100,4250334444,
29,Bonzo20_06#2545,Iamokbye,Champion,100,4250334444,
30,YouBeTTerThanMe#6142,LuckInHell,Deadeye,100,4250334444,
31,DobbiInLobby#5542,OrionXVII,Inquisitor,100,4250334444,
32,tuanvip1999#6185,KOF_Jc,Inquisitor,100,4250334444,
33,ysmamalasha#1270,Gospoja_clap,Ascendant,100,4250334444,
34,MirroRLUL#6695,_vzryvchatka_,Champion,100,4250334444,
35,DontShineAgain#3216,PappaHappa,Guardian,100,4250334444,
36,mafevil#5247,Андуфаладор,Deadeye,100,4250334444,
37,qwartus#3381,qwartus_udon,Occultist,100,4250334444,
38,wizzardo1337#0658,wizicypengz,Hierophant,100,4250334444,
39,NoCringePloisterz#4857,Deficiento,Inquisitor,100,4250334444,
40,MrXuevich#6671,Tradewithnpconly,Deadeye,100,4250334444,
41,AAAhellXhere#6693,hellXhereKOTF,Pathfinder,100,4250334444,
42,kubusss1#3351,Amuletmanalol,Guardian,100,4250334444,
43,INNOMINEE#6160,Whiskey_RenifleurdePied,Champion,100,4250334444,
44,PorkDF#5130,Keepers_Pork,Necromancer,100,4250334444,
45,Haydeno#7321,Hayden_WombRaiders,Pathfinder,100,4250334444,
46,TheBrave29#7615,SADFSDAFASFASDF,Deadeye,100,4250334444,
47,Uyoo#0246,frandumm,Pathfinder,100,4250334444,
48,Raxed#6723,RaxxedKeepers,Ascendant,100,4250334444,
49,Fotiman#2718,Dravecy,Hierophant,100,4250334444,
50,Ellethor#5412,Hopeudoingood,Ascendant,100,4250334444,
51,JayJayxd77#2047,Jay_Clanker,Elementalist,100,4250334444,
52,MeoLyu#6162,lilbitweird,Chieftain,100,4250334444,
53,Qouve#0807,QouveKeepers,Inquisitor,100,4250334444,
54,BulletInAcid#1131,ㄷㄷㄷ,Berserker,100,4250334444,
55,TopchillXD#5262,Topchill_Clankerr,Elementalist,100,4250334444,
56,Synetik#7053,Kura_CryBot,Juggernaut,100,4250334444,
57,Shadai1305#6667,Shadai_Banners,Champion,100,4250334444,
58,skigun#2416,skigun_aurabottt,Ascendant,100,4250334444,
59,OlekDrak#0211,OlekDrak_OQTF,Juggernaut,100,4250334444,
60,kl1mk4#6315,einharabdullaev,Deadeye,100,4250334444,
61,boume45#1068,Paffff_Totem,Inquisitor,100,4250334444,
62,Cowert#0083,Cowert,Pathfinder,100,4250334444,
63,mikkeys#7152,Main_KOTF,Inquisitor,100,4250334444,
64,AHtoxa_Ha_DoHy#5038,ЖДУДИАТОР,Ascendant,100,4250334444,
65,kejrlevro#2827,McLarenVroom,Guardian,100,4250334444,
66,Zykaz#6546,ZyKaZa_KOTF,Juggernaut,100,4250334444,
67,Pyron23#3951,Pyron_Keepers,Juggernaut,100,4250334444,
68,tonjaanwar2006#1486,постарался,Ascendant,100,4250334444,
69,4uhanidze#2120,ChampionOfTheBreach,Slayer,100,4250334444,
70,SparkingGirl#2318,SayItDitto,Occultist,100,4250334444,
71,Lskiolkj#6169,CarryHerToKeepIt,Deadeye,100,4250334444,
72,YeeZZus#7109,Sanemia,Champion,100,4250334444,
73,Fertonix#7077,NastjaIvleeva,Ascendant,100,4250334444,
74,3xys10s#1886,WoodOrFood,Ascendant,100,4250334444,
75,jenniferschuler1950#8970,настакался,Hierophant,100,4250334444,
76,alexporter1954#9071,обрубок,Champion,100,4250334444,
77,ㆍyaㆍloxㆍ#2903,вайткид,Deadeye,100,4250334444,
78,OrrO_#6471,Orro_KOTF,Ascendant,100,4250334444,
79,guycruse1905#4513,проклял_мама,Occultist,100,4250334444,
80,lemajor777#1865,Humki_KOTF,Hierophant,100,4250334444,
81,longwill#6636,LongwillRoundNine,Champion,100,4250334444,
82,Nyiou#7641,Nyu_Carry,Berserker,100,4250334444,
83,MaiiChii#6584,bmcmickey,Occultist,100,4250334444,
84,typuk9090#0938,ХДЕ_МАЙО_ХРЮЧЕВА,Pathfinder,100,4250334444,
85,Khaaarne#4640,Kharne_MANAGUARD,Guardian,100,4250334444,
86,Answerx12#6070,Killbapdu,Champion,100,4250334444,
87,weqairzq#0350,Hechicero_,Deadeye,100,4250334444,
88,Jazaox#5576,MillFa,Occultist,100,4250334444,
89,TwentyWaves#4116,DbIPKU_V_WTAHAX,Pathfinder,100,4250334444,
90,Xiodor#2182,OQTF_DEHORS_LES_ARBRES,Champion,100,4250334444,Dead
91,PoeEnjoyer04#4291,SanctumUnchained,Hierophant,100,4250334444,
92,Noisypainter#4236,ChickSongSok,Champion,100,4250334444,
93,GAV_nyk#4885,CryToKEEPIt,Juggernaut,100,4250334444,
94,phlpprrn#6634,АлександрСытый,Deadeye,100,4250334444,
95,xiaxamqua#4718,SheviaTi,Necromancer,100,4250334444,
96,JawsWool#5350,Jaws_B,Hierophant,100,4250334444,
97,skannotdead#7637,匚仨卄牙_厂囗石乃仈卄,Ascendant,100,4250334444,
98,saholmes#6727,DedosManos,Guardian,100,4250334444,
99,_도쿄구울사랑애니메이#2946,Burgernii_mutant,Juggernaut,100,4250334444,
100,F71#3144,keepers_dwet,Pathfinder,100,4250334444,
101,Artemarus2#5300,teemoeHeraldOfPain,Necromancer,100,4250334444,
102,iDei#1549,CreatinyTLIgod,Inquisitor,100,4250334444,
103,JinEstelion#1601,KotF_PGS,Inquisitor,100,4250334444,
104,mirameL#3306,afingerfive_Keepers,Inquisitor,100,4250334444,
105,PoeDrC#4539,SanctumLucky,Inquisitor,100,4250334444,
106,sangora#0857,htaersgnahtae,Occultist,100,4250334444,
107,noyh22k#1398,손홍만,Pathfinder,100,4250334444,
108,Bambaleyla#5387,taylerDugin,Occultist,100,4250334444,
109,Because_OushenR#6554,FiveWay_ethnii,Ascendant,100,4250334444,
110,killp0pk#7324,Ebanara,Champion,100,4250334444,
111,l767965778#4770,闪打麻化腾,Slayer,100,4250334444,
112,mofeite669#0109,FiveWay_Aura,Ascendant,100,4250334444,
113,maojuju55#2972,venomacsis,Guardian,100,4250334444,
114,popuasik556565#7005,UGLYFACEWARRIOR,Juggernaut,100,4250334444,
115,Miserypoetwo#9588,stariyt,Guardian,100,4250334444,
116,shangitto#3380,dubia,Ascendant,100,4250334444,
117,beverlymccl#7612,kumokia,Deadeye,100,4250334444,
118,hochylookpok#4642,LUBERGA,Champion,100,4250334444,
119,Alkanya88#5319,Alkanya_meow,Pathfinder,100,4250334444,
120,lua_dipaa#4786,emiru_wroc_prosze,Chieftain,100,4250334444,Dead
121,infinityblue55#5530,blykeeper,Inquisitor,100,4250334444,
122,trieuvuqn0#0216,NothingisMine,Inquisitor,100,4250334444,
123,SometimesSadnessW#3345,rayan_gosuslugi,Slayer,100,4250334444,
124,umalishenni#5313,Printgun,Slayer,100,4250334444,
125,Tobi26#7110,sdvgokrzpr,Juggernaut,100,4250334444,
126,s8k1zo#6352,hristos_buyback,Ascendant,100,4250334444,
127,RedditAlwaysWrong#1883,TOURIST_FROM_POE_TWO,Trickster,100,4250334444,
128,yamatochka#5857,TokyoPulse_,Deadeye,100,4250334444,
129,MyZeon#7688,NamiSano,Occultist,100,4250334444,
130,SonneWar#1929,MATb_BOBzOPA,Ascendant,100,4250334444,
131,sinkeri#7987,HostKeepers,Ascendant,100,4250334444,
132,Weerapol.yen#6872,chitho_cryaf,Champion,100,4250334444,
133,fjmhxuhh#5900,Fudesaka,Champion,100,4250334444,
134,mooshings#1532,OnceAndFutureMoosh,Pathfinder,100,4250334444,
135,kissmetvmamurahal#0961,kissme_ubeysya,Ascendant,100,4250334444,
136,BohdanBogdan123#7491,qweqwew,Deadeye,100,4250334444,
137,MastaOkMF#1630,ますたおく,Ascendant,100,4250334444,
138,npa9xxhd#4069,DnD_IGotYouMyFriend,Necromancer,100,4250334444,
139,He4dh0t#0648,SebastianMeisinger,Necromancer,100,4250334444,
140,michelasd#6837,keep_Aura,Champion,100,4250334444,
141,Ka1seR123#1253,AmoEmpool_,Deadeye,100,4250334444,
142,Zmaj2#1918,LXST_SXNCTUXRY,Hierophant,100,4250334444,
143,Eclypsew#0468,EclypseWW,Inquisitor,100,4250334444,
144,alphama09#1062,Low_keys,Champion,100,4250334444,
145,alizozo#0967,Keep_Carry,Elementalist,100,4250334444,
146,PoeTrader1#1406,Keeper_Psych,Occultist,100,4250334444,
147,TOOOOOcc#3199,Dooci,Inquisitor,100,4250334444,
148,methanman#2640,Kkeepers,Juggernaut,100,4250334444,
149,Areko#5150,SmugglerCacheEnjoyer,Pathfinder,100,4250334444,
150,pukanator228#1111,MirrorOne,Pathfinder,100,4250334444,
151,EniziMyk#2770,СергейНакормите,Ascendant,100,4250334444,
152,xxNaylxx#3034,Diablord,Occultist,100,4250334444,
153,gloryvsevil#1649,ZakaZaka,Deadeye,100,4250334444,
154,AngryLuq#3638,Rasalhaguee,Occultist,100,4250334444,
155,gdm12322#5451,Yethello_Keepers,Assassin,100,4250334444,
156,p8vlord#1331,dukisa,Juggernaut,100,4250334444,
157,Abolfazlabosaedi#7143,Caikou,Juggernaut,100,4250334444,
158,xanaxfat#1411,VIHODITEBESI,Pathfinder,100,4250334444,
159,Ellemsi#3460,EllKeeper,Deadeye,100,4250334444,
160,Shainy#4186,Stasyambo,Deadeye,100,4250334444,
161,Shama_stylezz#3893,Baekdu,Guardian,100,4250334444,
162,alexhai899196#5199,Long_Dragon,Elementalist,100,4250334444,
163,Kini_oce#5420,Kini_Keepers,Elementalist,100,4250334444,
164,BaronBlood69#4283,Dog_PearFlask,Champion,100,4250334444,
165,hplovecraft#5612,KOFbestwitchever,Necromancer,100,4250334444,
166,Atthee#7589,Chechia,Champion,100,4250334444,
167,Sane4uk777#9021,卌米川水当正臣,Pathfinder,100,4250334444,
168,fivecurses32#1564,Hot_girlzz,Occultist,100,4250334444,
169,blackcloud_techno#6324,tokiyskuy_gruz,Deadeye,100,4250334444,
170,marcus142#4725,Berehynia,Ascendant,100,4250334444,
171,wqewter#7022,parashnik_dva,Deadeye,100,4250334444,
172,chineserthieves#5496,ManoShatters,Berserker,100,4250334444,
173,kidokid96#1514,Сергей_Накормите,Deadeye,100,4250334444,
174,Aicnerrep#6865,sadsadsadhhyyy,Inquisitor,100,4250334444,
175,yyswork1030#6199,dulistvipau,Champion,100,4250334444,
176,Amesta_289#3780,KOF_DaYon,Occultist,100,4250334444,
177,digiuatroidem11#1535,ChikataRow,Occultist,100,4250334444,
178,Oxlos2271#4909,AinzAllGone,Deadeye,100,4250334444,
179,eteryu#1917,LegionQuit,Pathfinder,100,4250334444,
180,PudgeCycloneFlyCar#1191,Пенисоед,Inquisitor,100,4250334444,
181,Mzgrhtp#2413,Formosa,Deadeye,100,4250334444,
182,Devyngdrt#1931,WhiteSnakesT,Champion,100,4250334444,
183,nanasedevil#2600,촉수오빠딸배년,Pathfinder,100,4250334444,
184,sigalolpro#0584,solevoi_bot,Ascendant,100,4250334444,
185,ZhizunHongtian#0044,Lucky_Zhizun,Hierophant,100,4250334444,
186,Mournes#0534,ReverseTheCurses,Hierophant,100,4250334444,
187,ee4gle#5944,snovavdele,Pathfinder,100,4250334444,
188,megaidep11#2775,HeraMing,Necromancer,100,4250334444,
189,ba888ba#1553,ProteinShakeDrinker,Chieftain,100,4250334444,Dead
190,thieulaututu#1583,lmsy_love,Necromancer,100,4250334444,
191,CovenantSOK#1894,dolblu_v_matku,Deadeye,100,4250334444,
192,Kirito#5666,MINISTR_ZADNIC,Deadeye,100,4250334444,
193,R0tscale#3059,GetAcademyIsAScam,Slayer,100,4250334444,
194,Aphex1993#5015,RottenRFChief,Chieftain,100,4250334444,
195,Insomnia4241#4527,ShibuyaSunset,Deadeye,100,4250334444,
196,youd1sappear3ddd#0392,クリスタルスカイ,Juggernaut,100,4250334444,
197,dragonred551#4031,penanceblastss,Inquisitor,100,4250334444,
198,SuYuKi990#4131,Duest_list,Champion,100,4250334444,
199,อิโซเก__#3924,หนุ่มโรมัน,Deadeye,100,4250334444,
200,Psih225#6389,Wercfp,Pathfinder,100,4250334444,
201,어느화창한봄날#4959,Goodluckk,Inquisitor,100,4250334444,
202,Raihkim#0143,convolk_swan_dive,Slayer,100,4250334444,
203,olegaabdull#7915,CRY_BANKA,Champion,100,4250334444,
204,Ugarliahaw#2100,qwertymang,Chieftain,100,4250334444,
205,defmaxou#6096,УдачиНаБанкахРебята,Deadeye,100,4250334444,
206,vaxtjangla#5988,NormalFiveway,Elementalist,100,4250334444,
207,DeadMau54#5600,BullyingCkaibaInSchool,Pathfinder,100,4250334444,
208,makiachaydi12#2409,NeviaLand,Occultist,100,4250334444,
209,Sonneilloncat#6493,Arysand,Guardian,100,4250334444,
210,Skylanemu#5173,Aceyalette,Champion,100,4250334444,Dead
211,melody2905#6948,Keepers_Uzi,Hierophant,100,4250334444,
212,Akkari0357#0120,noisc_scion,Occultist,100,4250334444,
213,Sadpeople666#1263,Keeper_of_the_light_,Slayer,100,4250334444,
214,albertagreen1903#1193,BigDickCheese,Champion,100,4250334444,
215,Awwiak#4073,feverlie,Occultist,100,4250334444,
216,yzgxdxip#9251,Keepers_SP,Champion,100,4250334444,
217,visionpepela#5207,Beton_RacsiUwU,Trickster,100,4250334444,
218,pekorauslada#4020,kulerast,Pathfinder,100,4250334444,
219,Pinkie2020#2420,yaebashysol,Elementalist,100,4250334444,
220,Dilice#1248,Сосу_Бананы,Ascendant,100,4250334444,
221,tanksro#8805,Zues_S,Elementalist,100,4250334444,
222,Hornsent#1110,ColossalInformation,Deadeye,100,4250334444,
223,pooeeser#4682,ตัวแรกนะจี,Ascendant,100,4250334444,
224,SensaçãoDeDesespero#4682,MenteCasual,Berserker,100,4250334444,
225,llajasenba#2817,PlsDontKillMeee,Ascendant,100,4250334444,
226,dunao#2695,KPRS_Dunao,Juggernaut,100,4250334444,
227,ILoveBoss#4829,kiemnangluongbrand,Hierophant,100,4250334444,
228,conheomaps69#6761,Suaaa,Inquisitor,100,4250334444,
229,Lelushik#1986,真理的五条道路,Deadeye,100,4250334444,
230,minhtran2106#6436,SancMichaelLor,Inquisitor,100,4250334444,
231,minkyo23#4437,Aurabase_keeper,Ascendant,100,4250334444,
232,Larikorev#0842,Eranella,Ascendant,100,4250334444,
233,mrflapeks#6014,KEEPERSOFDISPIRE,Deadeye,100,4250334444,
234,luttieres#1157,BIBABIBO,Champion,100,4250334444,
235,skopconydzony#7931,Manuveris,Hierophant,100,4250334444,
236,Weeha1001#0619,KoF_ShadowHeart,Occultist,100,4250334444,
237,a649152868#7933,Keepers_Kaku,Inquisitor,100,4250334444,
238,IamKaru#4813,BreachIstStabil,Deadeye,100,4250334444,
239,sanorman#4897,CURSEDONOCHKA,Occultist,100,4250334444,
240,yamahamaye#5234,yamaha_fanta,Necromancer,100,4250334444,
241,G4achi#3793,Lericelenne,Champion,100,4250334444,Dead
242,Zant_Intro#5861,Kang_ji_woong,Elementalist,100,4250334444,
243,gotthisplace#3342,Kang_ji_Duk,Champion,100,4250334444,
244,mncmnx#2927,tryfor_love,Occultist,100,4250334444,
245,gullem666#7720,Craubamba,Juggernaut,100,4250334444,
246,Letme#6208,xrustalik,Champion,100,4250334444,
247,babyy1993#2383,YouAreMine_H_Keepers,Necromancer,100,4250334444,
248,Yolkyn#4880,Карусель_Пятипутия,Deadeye,100,4250334444,
249,Sensuss#5180,Ceibo,Juggernaut,100,4250334444,
250,sskssk2#4252,PSIKELD,Hierophant,100,4250334444,
251,helloworld666#5095,Tyler_Durdennn,Assassin,100,4250334444,
252,HiddenGold#4154,Charmaine_POE,Champion,100,4250334444,
253,kamisamaa123#3575,Binessa,Ascendant,100,4250334444,Dead
254,chuba19#0534,Chuba_WombRaiders,Berserker,100,4250334444,
255,Vaziller#6034,zelemhanq,Guardian,100,4250334444,
256,aabbaielka#0578,Шорты,Ascendant,100,4250334444,
257,aseriel4578#7025,Okapisc,Occultist,100,4250334444,
258,ScionkaMfSdox#0164,Dpsaura_kotf,Ascendant,100,4250334444,
259,Inakram#7471,Inkram,Chieftain,100,4250334444,
260,zen5amd#6213,KOTFdexflick,Champion,100,4250334444,
261,iferal#0846,KF_Felix,Occultist,100,4250334444,
262,gaugoing#3551,Ceridwen_POE,Elementalist,100,4250334444,
263,rainbowtwo2#7811,Rainomgodx,Deadeye,100,4250334444,
264,Sengoku#3873,KeppFL_Segoku,Occultist,100,4250334444,
265,Serdtq#2292,chembolshedevushku,Pathfinder,100,4250334444,
266,Actmin#0668,Achizen_Wts_AulCarry,Inquisitor,100,4250334444,
267,AZURJAMS#1305,ClaYman,Champion,100,4250334444,
268,margaretcarpenter#2722,УсатаяДырка,Champion,100,4250334444,
269,1max#7755,トージコ,Deadeye,100,4250334444,
270,delphindaes#7876,Dolphin_Aura_Minnjuu,Ascendant,100,4250334444,
271,TonyKen#2390,SnegGGs,Occultist,100,4250334444,
272,hovnopes#3259,Aurelusss,Ascendant,100,4250334444,
273,easypushka#3094,Pipopf,Ascendant,100,4250334444,
274,Pulse7191#4143,Lecleeeeeeeeeerc,Deadeye,100,4250334444,
275,DunkinWasTaken#0661,DunkinKeepers,Inquisitor,100,4250334444,
276,turdtwisterx#4882,NeedForSteveHotPoochute,Juggernaut,100,4250334444,
277,Neismer#3503,Neismar,Chieftain,100,4250334444,
278,karlosfesti5#6577,sapfomonsafe,Ascendant,100,4250334444,
279,c20ash#4417,Vrymoon,Necromancer,100,4250334444,
280,trokiller#6176,Czursaf,Occultist,100,4250334444,
281,OrbingDivine#7536,OioiCursing,Elementalist,100,4250334444,
282,Bosodu#7639,Bosodi_KotF,Deadeye,100,4250334444,
283,NikolOsbourne#3625,SpotAndDrop,Deadeye,100,4250334444,
284,pangeon#1100,Darkprincee,Deadeye,100,4250334444,
285,hokkerook#6088,Abroxx,Juggernaut,100,4250334444,
286,Toglco#1543,TogZenDreams,Juggernaut,100,4250334444,
287,phubinll001#2172,Brokings,Occultist,100,4250334444,
288,chococat69#3100,Xlim_ThangLong,Elementalist,100,4250334444,
289,Starry_2#7996,Starry_kotf,Deadeye,100,4250334444,
290,Bhongskii#1846,KOTF_SiLenT,Deadeye,100,4250334444,
291,Tigg#4971,Tigg_neee,Ascendant,100,4250334444,
292,Urilistila#4613,_Rona,Ascendant,100,4250334444,
293,myvan0327#4240,thompson_gold,Occultist,100,4250334444,
294,genelballi#1108,KOTF_Odyssey,Inquisitor,100,4250334444,
295,Mr_Listi_#9869,Sovatime,Slayer,100,4250334444,
296,giang4953#2203,TAS_Skymoi,Elementalist,100,4250334444,
297,Parisdirt#3065,VirridianBlaster,Chieftain,100,4250334444,
298,greed_yao#4381,FlutteringCarry___,Occultist,100,4250334444,
299,MiniJames22#0902,POOPMANSIXSEVEN,Juggernaut,100,4250334444,
300,fanfon3#0737,fanfon,Deadeye,100,4250334444,
301,ericdejesus#4381,МихаГалустян,Pathfinder,100,4250334444,
302,ArcticWP#5330,FightThemOnTheBreaches,Elementalist,100,4250334444,
303,jaimevaughn#2123,Dulist_Kepp,Champion,100,4250334444,
304,Raviqt#0557,__Ravi____,Necromancer,100,4250334444,
305,Breix#4056,McAbs,Inquisitor,100,4250334444,
306,Womanyzer1993#2107,Alpha_Soulrend_KoF,Occultist,100,4250334444,
307,RZoroTN#2664,KotFlameGod,Pathfinder,100,4250334444,
308,razormk#1487,scionmkkeeper,Ascendant,100,4250334444,
309,Verlerbur#1533,Games_Bear,Deadeye,100,4250334444,
310,Jinnosuke9#2096,WandsOnLifeSupport,Guardian,100,4250334444,
311,charlaslot#4105,Rise_Cazzy,Occultist,100,4250334444,
312,tinyhotlinedrugstore#1129,LeKiMaCuTo,Occultist,100,4250334444,
313,blackpanther#8973,KOFnightmare,Occultist,100,4250334444,
314,tsunomaki_#2959,watame_,Elementalist,100,4250334444,
315,luathayphanban#8164,World_Keepers,Champion,100,4250334444,
316,Goangjl#3418,KingOfThebest,Champion,100,4250334444,
317,ninorly#5573,Ninwanderino,Hierophant,100,4250334444,
318,Kamirii#1064,KamiriiFuckYou,Chieftain,100,4250334444,
319,Russerdk#1053,МотвейМонгол,Deadeye,100,4250334444,
320,Pinguflingu#4797,PinguNoPants,Hierophant,100,4250334444,
321,lingbluer#6696,Ceerox_Keepers,Inquisitor,100,4250334444,
322,DoopassLover#7770,Qxide,Deadeye,100,4250334444,
323,Mink_Cha#5137,삿된밍크,Elementalist,100,4250334444,
324,SergeyIronBoy#7117,Midasikxx,Pathfinder,100,4250334444,
325,jbdcr#0277,東雪蓮,Juggernaut,100,4250334444,
326,lol4ik1902#2709,ABOBA_PRIME,Deadeye,100,4250334444,
327,gracul#7880,DiedQuintillionsOfTimes,Warden,100,4250334444,
328,arsenuu#1063,Хранитель_Кала,Deadeye,100,4250334444,
329,GimmeZeLoot#1718,DressToImpress,Inquisitor,100,4250334444,
330,SeJlF#4306,SeJIFKeeeper,Deadeye,100,4250334444,
331,c4boomb#6744,ASA_DctrNeUrod,Deadeye,100,4250334444,
332,nhut252513#5530,I_Love_her_Momm,Inquisitor,100,4250334444,
333,GambitIV#1992,HeliBackToTheOldWays,Elementalist,100,4250334444,
334,clowncow#6552,MikeIsraetelsPHD,Elementalist,100,4250334444,
335,mental#7934,cuwuteanimeowgirl,Occultist,100,4250334444,
336,ChillSaint00#2131,ChanggMana,Hierophant,100,4250334444,
337,chaosway#5244,ChaostylzRAGE,Chieftain,100,4250334444,
338,tethiendaithanh111#6058,TuNghien,Necromancer,100,4250334444,
339,a940036656#7714,青丝闪打打打,Slayer,100,4250334444,
340,Changessssss#5486,Artheon_POE,Champion,100,4250334444,
341,kawaiizno#4081,WinterOrb_zzzz,Inquisitor,100,4250334444,
342,OlaF444#1222,ldalkjwelew,Deadeye,100,4250334444,
343,RogEnjoer070#6033,Tihiy_den_dva,Deadeye,100,4250334444,
344,Dobi10086#1633,无所谓我会出点金手,Inquisitor,100,4250334444,
345,mrge10#6833,sfsdgdfhfxhsh,Deadeye,100,4250334444,
346,Tovaldin#7093,TheGreatGraftsby,Elementalist,100,4250334444,
347,regintimel#2162,AnonymousEmber,Deadeye,100,4250334444,
348,oldman3228#1428,Armanian_flex,Deadeye,100,4250334444,
349,a0923311929#1248,原罪_瓦爾多獵手,Juggernaut,100,4250334444,
350,lngH27#3471,KP_Lg,Champion,100,4250334444,
351,Bandsy#1473,Bandsy,Assassin,100,4250334444,
352,TheCrankySquid#1661,Squid_BeeKeeper,Warden,100,4250334444,
353,insane123#4069,SparkyUwUBoi_Kekw,Inquisitor,100,4250334444,
354,Kamedachi#2839,接肢小吉,Slayer,100,4250334444,
355,rakis#1015,Remove_Kingsmarch_pls,Deadeye,100,4250334444,Dead
356,xImpalax#4607,runswithgrafts,Chieftain,100,4250334444,
357,Borat043#0648,KeepersOfTheKB,Deadeye,100,4250334444,
358,lamborhoho#4112,KotF_Necrogodz,Necromancer,100,4250334444,
359,YouLostMind#2210,лучшенебудет,Deadeye,100,4250334444,
360,Crawlerdin#2903,Allancapslam,Berserker,100,4250334444,
361,mesalo#1941,L_KoF,Elementalist,100,4250334444,
362,suiriz#6972,ewqfdsfaa,Guardian,100,4250334444,
363,sdpofpdsoio9292#5488,HolyCatlove,Champion,100,4250334444,
364,Stefan1997#4630,AFK_LUL_Kekw,Ascendant,100,4250334444,
365,kmspodps#5318,Omnitasking,Deadeye,100,4250334444,
366,barbaramorissette#6722,ПукнулБелым,Ascendant,100,4250334444,
367,Matt0214#4008,STEVE_KERRS_SON_NICK,Necromancer,100,4250334444,Dead
368,t0matoff#5063,RIP_Doonna_GD,Guardian,100,4250334444,
369,idashkaaa#2547,dashkaaaGODoO,Berserker,100,4250334444,
370,suzukihihi2025#6247,Kotf_Lekima,Occultist,100,4250334444,
371,Pocky18BaTH#3565,PrimeIngenuity,Inquisitor,100,4250334444,
372,Exorzon#6416,ExorzonKeepers,Chieftain,100,4250334444,
373,yudiftw#3579,Dyiu,Elementalist,100,4250334444,
374,Archunques#6380,яЗакричуНаВесьМир,Inquisitor,100,4250334444,
375,Broken_Mizolan#6753,KoF_ETERNAL,Occultist,100,4250334444,
376,kigod963#7958,kikigomh,Occultist,100,4250334444,
377,DenisPudgePlayer#2560,ResetatOchenKruto,Slayer,100,4250334444,
378,Ikeamillion#2277,BoboBackToTheCircle,Chieftain,100,4250334444,
379,dungvbhp11#2980,Aliciameow,Hierophant,100,4250334444,
380,GRFABR#5884,RegretfulChoices_Giga,Inquisitor,100,4250334444,
381,ethan7905#2081,KeeperoftheTRASH,Hierophant,100,4250334444,
382,ALEPH1986#5331,ALEPH_Keepers,Slayer,100,4250334444,
383,Addicted_the_pain#4828,addicted_qwe,Deadeye,100,4250334444,
384,m4ks1kk_#2774,не_спал_неделю,Pathfinder,100,4250334444,
385,metroobombin#7423,NgocLing,Occultist,100,4250334444,
386,nasserry#0611,_Darkening_,Elementalist,100,4250334444,
387,quanta4404#4691,KotF_pcp,Inquisitor,100,4250334444,
388,quared23#5910,лука_крабич,Pathfinder,100,4250334444,
389,Slymhan#5902,Molson_Keepers,Elementalist,100,4250334444,
390,isMike#4361,KotF_Mike,Inquisitor,100,4250334444,
391,the_ultimate_Overlord#4081,twitchtvMessi,Slayer,100,4250334444,
392,niqqkox#7273,ReallyOldBBBB,Inquisitor,100,4250334444,
393,tungjudwaifu#1412,โทเทมผู้เฝ้าเปลวไฟ,Hierophant,100,4250334444,
394,Abobicys#1595,qwerfadsda,Deadeye,100,4250334444,
395,tratatatatata#6274,indddd,Deadeye,100,4250334444,
396,Spectorboy#7090,Qvemmstts,Chieftain,100,4250334444,
397,ravexo1996#4917,ladderbaby,Occultist,100,4250334444,
398,oddy8431#6811,MotherGolemWithGraft,Elementalist,100,4250334444,
399,Bankykkz#4819,BKBKBKBKKB,Inquisitor,100,4250334444,
400,Hasagizxc#3264,giaohangtietkiem,Hierophant,100,4250334444,
401,Xemerius__#5862,CarryKP,Occultist,100,4250334444,
402,jonnyboi21#7838,Ghaestorion,Hierophant,100,4250334444,
403,FenShec#5434,Lorsulamol,Champion,100,4250334444,
404,petrospetr32#6506,Hinangamol,Ascendant,100,4250334444,
405,voldert#1616,CawtiKotF,Elementalist,100,4250334444,
406,astorefiogo#1760,く・・く,Chieftain,100,4250334444,
407,Elebas86#5891,Therrotheil,Occultist,100,4250334444,
408,Jovanlee#2869,KP_Bizarre,Ascendant,100,4250334444,
409,insane12351#6291,W_ZAVOZ_VPRAIME,Deadeye,100,4250334444,
410,VEORST#0836,KF_VEORST,Pathfinder,100,4250334444,
411,kecodonit97#6202,HST_Keeper,Inquisitor,100,4250334444,
412,daniil#6807,sadomata,Deadeye,100,4250334444,
413,kimsorry#3678,Kimsorry,Inquisitor,100,4250334444,
414,OpticSupport#2521,LinkMeYourMirror,Hierophant,100,4250334444,
415,fredi#4823,керихуев,Champion,100,4250334444,
416,full99#2711,Allbymyself__,Inquisitor,100,4250334444,
417,dnjulz#6294,Kaz_KotF,Berserker,100,4250334444,
418,Mazer#7704,Mazer_Flame,Necromancer,100,4250334444,
419,z3phyral#2470,ThLucifer,Occultist,100,4250334444,
420,NeedMoarCoffee#6311,ArmorStackGOD,Deadeye,100,4250334444,
421,pryloo#7073,SlavikWukong,Pathfinder,100,4250334444,
422,makingAuraBot#1687,BIG_GLODKA,Ascendant,100,4250334444,
423,bw89rus#4665,ПомощникХуев,Ascendant,100,4250334444,
424,Allyhgdrt#0385,Xavier_KF,Champion,100,4250334444,
425,caustic37#3384,Netioner,Occultist,100,4250334444,
426,BobrekShmobrek#1927,ScionKFzxcc,Ascendant,100,4250334444,
427,Gear_Fourth#3681,PooTwoPooPoo,Necromancer,100,4250334444,
428,thehadas#6862,KhanIncarnonForm,Inquisitor,100,4250334444,
429,Gimbolek#1619,CiasnaXV,Deadeye,100,4250334444,
430,kunoici#2500,EjevichkaGoesBrrr,Deadeye,100,4250334444,
431,giangbynn#1891,BynnzKotF,Inquisitor,100,4250334444,
432,a4100851207#4707,如果切割機被切割機切割切割機會被切割機切割嗎,Deadeye,100,4250334444,
433,AqirPlayer#5380,MidnightAda,Inquisitor,100,4250334444,
434,powders22#7612,Poowder,Ascendant,100,4250334444,
435,Slarm4000#4544,BOBBY_SHMYORDA_MBKILLER,Slayer,100,4250334444,
436,HyeonjuOh#2498,goldrunauraaa,Duelist,100,4250334444,
437,Tank_Destroyer#6374,Shorky_TREE,Deadeye,100,4250334444,
438,Zitta#7813,Zitta_AndHerGlowSticks,Necromancer,100,4250334444,
439,Reflex#4632,Reflex_CasinoRoyale,Deadeye,100,4250334444,
440,toronahokky1#2578,LSofTheFlame,Warden,100,4250334444,
441,j8426eff#4380,八八八四八四四八,Pathfinder,100,4250334444,
442,MamyT123#0553,fdsfdsdggghhjj,Inquisitor,100,4250334444,
443,FuseKuji#7836,KOTF_subaru,Inquisitor,100,4250334444,
444,h3kuda#1859,самсамапохуй,Pathfinder,100,4250334444,
445,Jisoon1#1415,Jisoon,Trickster,100,4250334444,
446,lassematic#6884,lassematic_broker,Necromancer,100,4250334444,
447,tsuntsuntsunn#4898,Tsuntsunn,Hierophant,100,4250334444,
448,Exiledtaco#3898,vvvvbLA,Deadeye,100,4250334444,
449,megazord544#7427,duakali,Champion,100,4250334444,
450,Ghoul11189#3689,Oldbreachbetter,Hierophant,100,4250334444,
451,dongchai999#9172,Only_south,Champion,100,4250334444,
452,Retiredfoxx#2636,FZ_STOPTROLLFED,Inquisitor,100,4250334444,
453,anexdt#6892,OG_CarryMeTvKKatchiSera,Necromancer,100,4250334444,
454,Sintez#7966,Sintezkof,Pathfinder,100,4250334444,
455,갓석진#7775,감냥_,Gladiator,100,4250334444,
456,BattleCruser#0156,Keepers_hotstix,Elementalist,100,4250334444,
457,13820007201#0324,SershibaL,Necromancer,100,4250334444,
458,TisteAndii#4959,AnomanderRake_Keepers,Inquisitor,100,4250334444,
459,ggblcs#2937,eshifurdi,Inquisitor,100,4250334444,
460,ddddddddas#1355,Agent_bushlat_BDT,Ascendant,100,4250334444,
461,JohnMilimetron#3365,JohnsonsFlame,Pathfinder,100,4250334444,
462,thebisa#0927,Thebisaab,Hierophant,100,4250334444,
463,heckbacon#7226,normalcatpics_YT,Slayer,100,4250334444,
464,guronchik121#2453,Guron_Keepers,Inquisitor,100,4250334444,
465,wilbur#8159,Quarothyrian,Hierophant,100,4250334444,
466,Xrystal#3762,Keepchamp,Champion,100,4250334444,
467,chacha#6840,ㅊㅊㄱ,Trickster,100,4250334444,
468,emocarrotz#2025,FailedGED_M,Elementalist,100,4250334444,
469,Honda990#2459,SOA_List,Champion,100,4250334444,
470,R4gZzz#2155,HRU_FARTGUN,Deadeye,100,4250334444,
471,sixsorrows22#3231,POW_Glimsofus,Occultist,100,4250334444,
472,Fye_#3924,苍焰丶峰野的破妄执,Assassin,100,4250334444,
473,sadnessfart#2472,EpsteinBasementSecurity,Inquisitor,100,4250334444,
474,xinmengkuang#2197,Keepers_nfly,Assassin,100,4250334444,
475,PoeOneFirstTime#9497,InimusKoF,Deadeye,100,4250334444,
476,williamatkinson2016#3167,championpofarmyfyrion,Champion,100,4250334444,
477,doomsdayherb#5744,ChickHicks,Deadeye,100,4250334444,
478,gw0206#4941,KirikoMQ,Deadeye,100,4250334444,
479,Scorpio_ASC#0766,Jupiterinfirst,Juggernaut,100,4250334444,
480,oyami1992#6624,anzoe,Guardian,100,4250334444,
481,Piskanaft#3661,JeltiZanyx,Deadeye,100,4250334444,
482,JohanLR#0434,Weetcher,Occultist,100,4250334444,
483,nomnom#0648,JustaTee_Love,Occultist,100,4250334444,
484,lvwei410#6613,溫巧一,Deadeye,100,4250334444,
485,MortgageVN#6278,Luis_Pin,Champion,100,4250334444,
486,Hirokita#0306,_______SASHECHKA_breach,Slayer,100,4250334444,
487,mistxiao#1704,coolkikcc,Saboteur,100,4250334444,
488,Fimbul#2760,NightWB,Inquisitor,100,4250334444,
489,Snakeken#7241,LS_Soraken,Occultist,100,4250334444,
490,alemon0123#6257,小柠檬鸭,Slayer,100,4250334444,
491,Alanirblera#8710,Keep_Doran,Ascendant,100,4250334444,
492,AFKULTI#2170,Fiveway_Delisi,Ascendant,100,4250334444,
493,bonus_nush#0773,乙乂匚,Deadeye,100,4250334444,
494,Whirett#6470,denejnuy,Pathfinder,100,4250334444,
495,jefferson222#1353,KeeperAura,Ascendant,100,4250334444,
496,GreedsLair#3060,GL_sevenleagueranger,Deadeye,100,4250334444,
497,karleetashe#1968,ScionAuraKeep,Ascendant,100,4250334444,
498,Mercur1alB#0850,收钱你是真办事,Inquisitor,100,4250334444,
499,583#5108,Unidentified,Juggernaut,100,4250334444,
500,br0kenhard#0604,PodvalniyOld,Inquisitor,100,4250334444,
501,Vector3_1#4657,MamontPOE,Deadeye,100,4250334444,
502,scum1263#5579,MH_LoneAssailant,Occultist,100,4250334444,
503,Cristinevny#7374,AURAAAURAC,Witch,100,4250334444,
504,DALouiss#0315,KOF_Ray,Hierophant,100,4250334444,
505,thienhuynh2011#4483,Bvcasd,Hierophant,100,4250334444,
506,DIAMONDFACE#0500,KYEOWO,Elementalist,100,4250334444,
507,NenadoDadya#0656,BigPopka,Ascendant,100,4250334444,
508,Ayanaghdrt#2273,Keeperseer,Champion,100,4250334444,
509,newsergevi#2759,evikofe,Elementalist,100,4250334444,
510,Leyawiin#8099,Maraudonx,Juggernaut,100,4250334444,
511,Skido07#4286,Skidlash,Deadeye,100,4250334444,
512,Czajla02#1304,Grumblearumen,Occultist,100,4250334444,
513,rewwwwerrrr#1730,KSC_HTXiTrau,Ascendant,100,4250334444,
514,JneckPwnz#2915,Leonchek,Pathfinder,100,4250334444,
515,AlanSartorio#3279,scions,Ascendant,100,4250334444,
516,_Surplus_#6446,Surplus_Zerkah,Berserker,100,4250334444,
517,dungbantoinua#1740,King_ratWB,Elementalist,100,4250334444,
518,marbledfloors#0238,podvalzxc,Inquisitor,100,4250334444,
519,SîF#7523,KSC_BaSuawx,Occultist,100,4250334444,
520,MaKcCreW#0060,MaKcCreW_KotF,Deadeye,100,4250334444,
521,dagobertduck1234#2997,Ballaststoffi,Champion,100,4250334444,
522,Jaidaghdrt#1978,Succuruto,Champion,100,4250334444,
523,KlimekPL#2585,_dedus,Inquisitor,100,4250334444,
524,MAORY1337#2379,Kelineyrion,Ascendant,100,4250334444,
525,CasualCannibal#4613,ErevanNightfall,Elementalist,100,4250334444,
526,Punisherxgod#6442,NikoSama,Deadeye,100,4250334444,
527,MeatyMurti#5166,Pervorichu,Champion,100,4250334444,
528,Omaydesz#4220,Kb_Chovy,Elementalist,100,4250334444,
529,noble#0548,FrDontworry,Hierophant,100,4250334444,
530,Mismith1#7908,FissuremyAssPohx,Chieftain,100,4250334444,
531,berzerker657#0973,Rheum_Keepers,Trickster,100,4250334444,
532,快乐肥仔#5105,AAFEII,Slayer,100,4250334444,
533,zerogloom#9314,kuritelnayasmesfd,Occultist,100,4250334444,
534,Kayleighgesr#7009,NightReaper_POE,Champion,100,4250334444,
535,CowSaysMooo#5511,CowSaysMoo,Elementalist,100,4250334444,
536,freavate#5770,freavate_kbbb,Deadeye,100,4250334444,
537,Longrishi223444#0775,Longrishikeepers,Deadeye,100,4250334444,
538,ZhanShenyi9732#5159,ZhanShenyikeepers,Occultist,100,4250334444,
539,amokcz#4227,Wimpturiarn,Juggernaut,100,4250334444,
540,helpj#3934,王火火,Inquisitor,100,4250334444,
541,Hupsis#3103,Karim_Buffolow,Occultist,100,4250334444,
542,Allmek#3421,WakaryZero,Deadeye,100,4250334444,Dead
543,matimba#6425,Starfieldfann,Ascendant,100,4250334444,Dead
544,tvoich#1310,kdqwdqwdqwdqwdqqqqq,Pathfinder,100,4250334444,
545,ChaosT17#3914,Bobrin_def,Guardian,100,4250334444,
546,AENighthuntr#0237,SufferingFromLongNeck,Hierophant,100,4250334444,
547,Shammius#1795,Accelax,Juggernaut,100,4250334444,
548,w1061920084#7941,DamonSVS,Inquisitor,100,4250334444,
549,aiushdfklas#1052,Black_chicken_aa,Elementalist,100,4250334444,
550,Brennaa#2554,Sayrakeil,Guardian,100,4250334444,
551,ad1io#5643,BoyOracle,Champion,100,4250334444,
552,danilodiascampos#5763,Tegilion,Juggernaut,100,4250334444,
553,giappham#2680,KeepsAll,Occultist,100,4250334444,
554,hyotver#5198,삿_효,Guardian,100,4250334444,
555,prinz_eugen#4325,FZ_NONSTOPEVA,Ascendant,100,4250334444,
556,Tayem#6733,KeeperWanting,Hierophant,100,4250334444,
557,reol8198#4352,Chris_Was_Always_Right,Elementalist,100,4250334444,Dead
558,Aloyra#1846,Barbykiss,Ascendant,100,4250334444,
559,ดอมิดาม#2400,sanya_dolber,Hierophant,100,4250334444,
560,Dalanpoe#4629,podpivassasinn,Assassin,100,4250334444,
561,하드코어#0962,KF_kosjenka,Berserker,100,4250334444,
562,XAntorX#7990,AntorFlame,Necromancer,100,4250334444,
563,musclebound#2088,bratan_,Ascendant,100,4250334444,
564,Niron63#5606,MalenkiyTemniyPRINCE,Assassin,100,4250334444,
565,Astrala#6320,Andonio,Juggernaut,100,4250334444,
566,ggz7yy#7184,reroll_more_consistent,Inquisitor,100,4250334444,
567,AnjouxAnjoux#3590,Anjoux_flame,Pathfinder,100,4250334444,
568,aera0six#2341,kaynetricky,Trickster,100,4250334444,
569,KDB_20DIV#3139,KevinDeBruyne_,Elementalist,100,4250334444,
570,Dranzy#2112,Robeq__,Inquisitor,100,4250334444,
571,Flower5000#0318,FlwrOldMans,Hierophant,100,4250334444,
572,Diu7Nei#1459,pOeBoy_fighT,Juggernaut,100,4250334444,
573,xLLITbIKx#4472,Бобрынза,Deadeye,100,4250334444,
574,Primmieq#6336,下下下下下下下下下下,Deadeye,100,4250334444,
575,BibaVyacheslav#3980,KotinoSkotinoKusino,Chieftain,100,4250334444,
576,CripsiG#6120,我想要根鸡巴插进我的屁股,Warden,100,4250334444,
577,TomorinZ#6018,TomorinZTOF,Inquisitor,100,4250334444,
578,Seven_Paths_of_Pain#7931,匚仨卄牙_乃囗亼囗乃丹弓,Elementalist,100,4250334444,
579,Socratos790#4505,Karim_Benzame,Champion,100,4250334444,
580,Merryメリー#6696,merry_Insomnia,Elementalist,100,4250334444,
581,pathofkrab#3548,KeepersOfRanger,Deadeye,100,4250334444,
582,repovarahale#0634,Witch_KBz,Elementalist,100,4250334444,
583,skyluan#4609,homoexl,Occultist,100,4250334444,
584,jamesconley#0056,Федор,Slayer,100,4250334444,
585,makser2#3627,lOzajigaLochkaA,Ascendant,100,4250334444,
586,PixL123#5354,jgfkdlmqgnfd,Berserker,100,4250334444,
587,typuk9090#0938,JDulia,Ascendant,100,4250334444,
588,ZonbiLoad#6099,ZonbieKeepers,Chieftain,100,4250334444,
589,MeteoraTheory#7683,CandyScion,Ascendant,100,4250334444,
590,ArcaddyTR#2695,TrollWarlordDoto,Occultist,100,4250334444,Dead
591,sisyapiva#0109,HDJ_MARK,Deadeye,100,4250334444,
592,Prehtorian#0428,Prehtorious,Chieftain,100,4250334444,
593,伴随春天而来的死神#6663,感觉屁股在震,Juggernaut,100,4250334444,
594,mhieu142002#6337,Love_No_Thanks,Elementalist,100,4250334444,
595,linochowlin86#9365,sesemara,Chieftain,100,4250334444,
596,cullerochek#6801,emoz,Champion,100,4250334444,
597,DamonaKing#1277,damonaaa,Deadeye,100,4250334444,
598,casiege#1519,_brodyaga,Champion,100,4250334444,
599,fgshgkfkjlasd2339#9904,exitprime,Champion,100,4250334444,
600,tichanister#5733,poe_two_not_bad,Deadeye,100,4250334444,
601,ZeroCreatureOne#5889,onemorerfguy,Chieftain,100,4250334444,
602,EphinGG#0062,brokenhandgaming,Ascendant,100,4250334444,
603,ertert456#2747,Irystocrats,Slayer,100,4250334444,
604,Frostpada#4879,UpDeD,Hierophant,100,4250334444,
605,kirashiro1#3788,magagichbro,Deadeye,100,4250334444,
606,catharsisqwq#7266,mirror_v_stanke,Inquisitor,100,4250334444,
607,Goon4591#5751,ZOMB_KOTF,Deadeye,100,4250334444,
608,dukdukvippro#8809,SkyAngel_MTP,Elementalist,100,4250334444,
609,0x35#1588,TokyoNight,Pathfinder,100,4250334444,
610,big_stan_fack1#1270,bigstanfackr,Deadeye,100,4250334444,
611,linhcong76#0499,AuraKP,Champion,100,4250334444,
612,Schnurspringer#7220,rdnnnNKC,Juggernaut,100,4250334444,
613,AvianneGG#4866,AviKB,Elementalist,100,4250334444,
614,sbggg#6437,单纯爱闪打,Slayer,100,4250334444,
615,Nehikkagych#9251,工工工工工,Ascendant,100,4250334444,
616,EL_NA2S#7498,RomeluDeLukaku_,Ascendant,100,4250334444,
617,RandomName#3722,BiBiBeat,Necromancer,100,4250334444,
618,Psyckobruno#0591,Keeper_Thomas,Champion,100,4250334444,
619,x420#1909,OhneSoldMeFent,Chieftain,100,4250334444,
620,thedycker#1922,Pivopluh,Champion,100,4250334444,Dead
621,qhuykgamer995#2512,I_Hate_You_Forever,Champion,100,4250334444,
622,Madysonhdrtw#1591,WhatImGonnaDoW,Champion,100,4250334444,
623,TheAncientExiler#2743,xXTheDevilsTouchXx,Necromancer,100,4250334444,
624,garenleaborx#4766,JhonNTL,Occultist,100,4250334444,
625,Njbees01#1899,カバーなし,Necromancer,100,4250334444,
626,ownedpocdqq#0387,igorush,Pathfinder,100,4250334444,
627,Stonesucer#1706,ProPewWander,Warden,100,4250334444,
628,phansedelian#0817,SC_KEP_Aura,Ascendant,100,4250334444,
629,bachalive#0539,myElichuchuu,Elementalist,100,4250334444,
630,1145141919810#2018,我真不會閃打,Slayer,100,4250334444,
631,sasadoto#7451,sasaneedtosleep,Slayer,100,4250334444,
632,JeeSoul99#3532,KoF_RanniTheWitch,Occultist,100,4250334444,
633,Emigratex#5660,MESHMTteam,Chieftain,100,4250334444,
634,welcomemeback4#2387,Brainkringer,Slayer,100,4250334444,
635,Grouzik193#0618,lililillilililililllll,Deadeye,100,4250334444,
636,underhat7#2508,Keepers_UnderHat,Assassin,100,4250334444,
637,velimar#2797,EinherjarOne,Necromancer,100,4250334444,
638,Gottschi3000#7583,XxGoonLordofBleedingxX,Slayer,100,4250334444,
639,nikitaenjoyer#6875,nikitadaddy,Deadeye,100,4250334444,
640,chloroform123#0996,SpeechlessDiee,Slayer,100,4250334444,
641,AryyzTwitchTv#6560,Aryyz_TTV_MFMadeEZZZY,Inquisitor,100,4250334444,
642,krokam132#2410,KrokamKotF,Deadeye,100,4250334444,
643,TakaVitaka_#4705,YdachiNaBankax,Pathfinder,100,4250334444,
644,mutnyglaz599#3613,SleepyZumZum,Deadeye,100,4250334444,
645,LasergunQQQ#3543,SaitamaVG,Deadeye,100,4250334444,
646,tash166#5074,баевойкбмагагыча,Deadeye,100,4250334444,
647,afishal#3727,Zelatrysjhn,Champion,100,4250334444,
648,TOP_ROFL_GUYS#6445,СМОТРЯЩИЙ_ЗА_СВИНЬЯМИ,Berserker,100,4250334444,
649,hurric8ne#2506,asphyxxds,Inquisitor,100,4250334444,
650,FaN_MaJloY#7948,DangerSanyaHH,Warden,100,4250334444,
651,MijjyNp#0415,RITAMI,Chieftain,100,4250334444,
652,WisedsinOnoi#1246,MyBroulerZalco,Ascendant,100,4250334444,
653,danieladutescu#3479,Erecticus,Slayer,100,4250334444,
654,urhat#4090,baited_breeder,Slayer,100,4250334444,
655,grizlibow#6501,ZaShtoBlya,Ascendant,100,4250334444,
656,MianBi#0436,coldfishh,Chieftain,100,4250334444,
657,ShinX_#4985,Nippielemus,Slayer,100,4250334444,
658,skamasle#5564,我哪裡也不去,Champion,100,4250334444,
659,BanTheBeast#7145,BAN_NEEDS_JUICE,Inquisitor,100,4250334444,
660,ad0wq#4899,RandomsGupnik,Occultist,100,4250334444,
661,Fitzpitzle#3095,Venekor_KOTF,Juggernaut,100,4250334444,
662,stefan3rdacc#0318,AFK_MAIN,Necromancer,100,4250334444,
663,roshax33#1199,РАЙОННЫЙ_ПРОКУРОР,Ascendant,100,4250334444,
664,Darrenotron#4671,Darren_Impregnator,Inquisitor,100,4250334444,
665,ivan00011122#5903,ПодвальныйБегунок,Inquisitor,100,4250334444,
666,xk4m1lx#2147,kingandfouraccbuyers,Slayer,100,4250334444,
667,TopVenoms#1993,DarKKKWWWish,Deadeye,100,4250334444,
668,Innadzumma#5247,Releesespirit,Deadeye,100,4250334444,
669,vigik008#0516,ПапинТапок,Inquisitor,100,4250334444,
670,Expertas#4276,ZemesDrebejimas,Berserker,100,4250334444,
671,Klaggfarfar#1107,PDTwoHasBetterEndgame,Chieftain,100,4250334444,Dead
672,EnzoPWNZ#1332,fawatafa,Deadeye,100,4250334444,
673,Finrod2708#4119,Finrod_Keeper,Hierophant,100,4250334444,
674,degeneritius#0849,BoLboas,Juggernaut,100,4250334444,
675,StynerCrowSword#6779,Keepers_CrowStyner,Deadeye,100,4250334444,
676,daviett_1#5211,Kirito_Keepers,Deadeye,100,4250334444,
677,Dresdenlol#0970,Drezden_KotF,Deadeye,100,4250334444,
678,glgl09567#3033,黯焰_為依羅碳獻上祝福,Occultist,100,4250334444,
679,Thord88#2912,ProtecThord,Gladiator,100,4250334444,
680,Sirnonebaka#2474,HoodwinkDesu,Slayer,100,4250334444,
681,Pohx#1588,PohxRFChiefKeepers,Chieftain,100,4250334444,
682,Paranoia_666#3337,CABANKA,Pathfinder,100,4250334444,
683,forgotten_by_everyone#6165,POEPITEK_FLAME,Guardian,100,4250334444,
684,aaa00000000000001#2396,thekeeperofus,Slayer,100,4250334444,
685,kingofmoney#3868,KingOfDream,Inquisitor,100,4250334444,
686,czman#7372,BeeeeemLentinho,Chieftain,100,4250334444,
687,tinleygyetua#5366,SecondHandd,Elementalist,100,4250334444,
688,Hanseatenpower#0651,Hansa_Flame,Deadeye,100,4250334444,
689,greedyaoxd#7339,Aura_Friend_,Ascendant,100,4250334444,
690,kenadas#6992,ILovePhatFemboyCock,Inquisitor,100,4250334444,
691,crisshuis228#2134,pfkaaa,Pathfinder,100,4250334444,
692,Leonardthesecond#7378,CWS_JorkinHella,Chieftain,100,4250334444,
693,redkoy6967#5924,那个揸弓的翩翩公子,Juggernaut,100,4250334444,
694,dballista#4889,PCONdefaultPlayer,Pathfinder,100,4250334444,
695,Leitingre6424#5320,Leitingrekeepers,Champion,100,4250334444,
696,Newpants#3376,Degenerative_AI_Model,Elementalist,100,4250334444,
697,666Krauzer666#2315,__Smesharik__,Pathfinder,100,4250334444,
698,Grommlash#3025,Infini_RF,Chieftain,100,4250334444,
699,Power_Des#7159,PowerKeepers,Inquisitor,100,4250334444,
700,allanprout#0728,ManaKusya,Inquisitor,100,4250334444,
701,masterviet#3827,_MASTER__VIET_,Assassin,100,4250334444,
702,Vonaira#0218,Vonaira_KOTF,Chieftain,100,4250334444,
703,Woodchild#0669,LightMeow,Champion,100,4250334444,
704,chickenz#3723,RFuckerino,Chieftain,100,4250334444,
705,Guijiangjun8752#3301,Guijiangjunkepeers,Guardian,100,4250334444,
706,theyolofaik#2651,hru_pain,Deadeye,100,4250334444,
707,Darknezz_player#7877,KeepITCooolNooob,Hierophant,100,4250334444,
708,nhoxdips234#9452,BlackPanther_ABG,Ascendant,100,4250334444,
709,huynamkim#1124,FWayCarry_Keepers,Elementalist,100,4250334444,
710,DelayDackel#5710,Anacondagolden,Occultist,100,4250334444,
711,taudulaltano#6036,HardCoreFiveway,Elementalist,100,4250334444,
712,ophite9001#0615,uber_brainlet,Slayer,100,4250334444,
713,Konaton#6134,KittyPurrPurrPurr,Occultist,100,4250334444,
714,Troopcd#6626,Troopflame,Chieftain,100,4250334444,
715,marilinaenvy#4888,KrvavaPicka,Elementalist,100,4250334444,
716,rennek1991#2244,Reksanar,Pathfinder,100,4250334444,
717,shatz20#2922,RFBaitedAgainn,Chieftain,100,4250334444,
718,Aurorahdfrty#5578,Kalaitia,Champion,100,4250334444,
719,Ueyraregh#2386,ForethoughtManaq,Inquisitor,100,4250334444,
720,NecessaryEviI#4817,kentssss,Deadeye,100,4250334444,
721,Mindhandler#1261,SanctumGotStealthBuffed,Inquisitor,100,4250334444,
722,dominator_269#6824,LyciaCarry,Assassin,100,4250334444,
723,keylove102#6494,Song_Jung_Soek,Elementalist,100,4250334444,
724,sorbangusstash#6618,NoPantsAllGains,Guardian,100,4250334444,
725,MugglyPOE#3993,ItThatWasMuggly,Trickster,100,4250334444,
726,Tarislandghh#2096,WitchLit,Occultist,100,4250334444,
727,nhoxdips243#7970,HungLeeeeee,Necromancer,100,4250334444,
728,pgmeynmaq#1873,Lee_Je_Ji,Champion,100,4250334444,
729,Own3d33#6680,legionnn,Deadeye,100,4250334444,
730,johnchambers1932#7689,ChumpaloniQQ,Guardian,100,4250334444,
731,markd23#6311,creativemode,Inquisitor,100,4250334444,
732,crumbling322#6375,Crumbling_Schabernack,Elementalist,100,4250334444,
733,quangthanh95tb#2598,GatlingGun_Gold,Occultist,100,4250334444,
734,TarlBosk#2907,SmiteofChaos,Juggernaut,100,4250334444,
735,imsigmaunogi#6939,ZarlonGoGi,Champion,100,4250334444,
736,HeyXemii#0032,ChillingToMageblood,Chieftain,100,4250334444,
737,_papa_#0062,DruNaturalRemedies,Pathfinder,100,4250334444,
738,_Convay_#3258,ConvayKeepsPlayingRF,Juggernaut,100,4250334444,
739,PoEdro4#9699,KarminBuren,Occultist,100,4250334444,
740,Real_GigaChad_10#5321,Awuskyrian,Juggernaut,100,4250334444,
741,Tarantylataman#4034,SidexBlast,Deadeye,100,4250334444,
742,shadowazaz#6209,Frederect,Inquisitor,100,4250334444,
743,brumz7#1626,Brumz_MissesItThatFled,Elementalist,100,4250334444,
744,giran666legionrunner#6290,xBodixPridumalBuildx,Ascendant,100,4250334444,
745,the_abyss_walker#1508,SkitteringCurseRunes,Occultist,100,4250334444,
746,kirara04150115#6271,쟈키쟈키,Deadeye,100,4250334444,
747,cypher7th#3442,Elbasty,Elementalist,100,4250334444,
748,xiaoheishiki001#7753,asdaiii,Inquisitor,100,4250334444,
749,Zindadi#0952,LIFEBUTTON,Pathfinder,100,4250334444,
750,sqqsq123#6898,Nemelinika,Deadeye,100,4250334444,
751,lilyvega#5620,RankOneKindred,Champion,100,4250334444,
752,rebirthenigma#3644,Leebomb_Keepers,Assassin,100,4250334444,
753,catherine#3183,koflogan,Elementalist,100,4250334444,
754,day2nopu#5658,daytnopu,Deadeye,100,4250334444,
755,bbaccaccbb#7600,skibibidi_depchik,Deadeye,100,4250334444,Dead
756,sarhan77771#4894,ЖукПавлин,Slayer,100,4250334444,
757,poewoox#3190,Bring_KOF,Occultist,100,4250334444,
758,jayproulx#5617,Jay_KoTF,Elementalist,100,4250334444,
759,xILENT_PoE#5273,xILWitch,Necromancer,100,4250334444,
760,BXI#0316,Farmess_DTier,Slayer,100,4250334444,
761,κωιτηκ#2318,kojtekXDD,Deadeye,100,4250334444,
762,Wushenzhan62#8863,Wushenzhankeepers,Ascendant,100,4250334444,
763,KnqYkna#5374,AuraSpreading,Ascendant,100,4250334444,
764,hiimyaphets#1585,Yaphetsz,Inquisitor,100,4250334444,
765,Kajean#2088,Kajean,Elementalist,100,4250334444,
766,Sime180#4491,Sime_TREE,Berserker,100,4250334444,
767,BeLikeKhan333294#7562,FOX_RunnBaeXDD,Trickster,100,4250334444,
768,P4tela#6762,ElChoriso,Juggernaut,100,4250334444,
769,thdxps#2023,Keeperten,Hierophant,100,4250334444,
770,TidussXX#3357,Anger_KOF,Champion,100,4250334444,
771,aterny#1159,LateLeagueStart,Champion,100,4250334444,
772,ben888811#7655,Wednesdaynee,Warden,100,4250334444,
773,Orangecupcak#1328,stheos,Inquisitor,100,4250334444,
774,razormkalter#7264,ramkpathkeeper,Pathfinder,100,4250334444,
775,hadesshunter#3625,HadessKEER,Inquisitor,100,4250334444,
776,Zeania#4129,Zealem,Elementalist,100,4250334444,
777,xiaonine1#4134,AlchVaalGo,Occultist,100,4250334444,
778,zxzx5467#4245,goodplayerSs,Inquisitor,100,4250334444,
779,SurferoK#2816,SurferoK,Pathfinder,100,4250334444,
780,anylle93#7218,Keepers_PBOD,Inquisitor,100,4250334444,
781,lokrenxx#1934,DominoWrocProszeTesknie,Elementalist,100,4250334444,
782,cantwaittomeetyou#0232,TCDH_Strikey,Necromancer,100,4250334444,
783,sungkunjo#3895,소실큰조,Inquisitor,100,4250334444,
784,wiwa110#3997,twiggyhater,Juggernaut,100,4250334444,
785,sadeakkissei#6329,FlameAuraa,Ascendant,100,4250334444,
786,Soshiken#5131,Womb_Tree_Mpregnator,Trickster,100,4250334444,
787,Mommalover2007#2108,LenisPover,Deadeye,100,4250334444,
788,bddang#0736,KeepersOfDN,Slayer,100,4250334444,
789,AFeng1289542834#4496,阿峰丶,Chieftain,100,4250334444,
790,XZKN446#5888,老汉烙印,Inquisitor,100,4250334444,
791,Stefan2ndacc#2120,Teufelskralle,Pathfinder,100,4250334444,
792,4012EternalFlame4012#6953,永不熄灭的火焰,Deadeye,100,4250334444,
793,Davanameste#1183,SidishNaBanke,Deadeye,100,4250334444,
794,XiaoNine#3425,CrisprCas,Pathfinder,100,4250334444,
795,Piecez#6848,DanamanKeeper,Hierophant,100,4250334444,
796,johnsonh0393#3301,wanderforsure,Hierophant,100,4250334444,
797,Tarzog#0515,Tarzog_OffMeta,Occultist,100,4250334444,
798,Frozenfox#4316,FrozengoCAagain,Pathfinder,100,4250334444,
799,VannessaIves#4226,MelKotF,Inquisitor,100,4250334444,
800,hoanghao2#1368,TheFoOol_Sancthum,Inquisitor,100,4250334444,
801,거무무티#6091,거무티수호,Hierophant,100,4250334444,
802,rolton723324#4102,Bortodelsss,Ascendant,100,4250334444,
803,YOLO9#5435,Yolo_VD,Ascendant,100,4250334444,
804,LeeadGoz#6796,KeeMi,Deadeye,100,4250334444,
805,tyyytyyy#7685,TY_KEEPER,Deadeye,100,4250334444,
806,Lavx#7896,Keepers_Lav,Guardian,100,4250334444,
807,willieferguson#3963,Pomogau_kachat_gemi,Ascendant,100,4250334444,
808,Wormed87#4811,Aalbtraum,Chieftain,100,4250334444,
809,kenhoyt#5059,BoomBoomBoyyyy,Necromancer,100,4250334444,
810,Miyucheese#7333,Miyu_wideBoink,Occultist,100,4250334444,
811,Jaxct#5225,ShigurePls,Elementalist,100,4250334444,
812,suphanut0#0944,NUT_SUB_KOF,Ascendant,100,4250334444,
813,rienhurn#3946,ElKvase,Chieftain,100,4250334444,
814,Eristhunder#8123,ZionMeatMan,Juggernaut,100,4250334444,
815,AnnihilatorARES#1668,FrankenBeam,Inquisitor,100,4250334444,
816,DeathRhythm#0867,สุลข่าน___,Inquisitor,100,4250334444,
817,Wormsloe#4961,Wormsloe_Keepers,Inquisitor,100,4250334444,
818,mumitu#4103,Mumitus,Champion,100,4250334444,
819,HeatMeizer#4802,JazzFlame,Champion,100,4250334444,
820,whothehellareu#7022,BoneBoneDrage,Occultist,100,4250334444,
821,Rixer#6713,RixerWander,Necromancer,100,4250334444,
822,Thorcall#0404,Thorcall_KBOCT,Inquisitor,100,4250334444,
823,Emplaid#0859,KombatDED,Inquisitor,100,4250334444,
824,BoTz_#5169,BoTzKF,Chieftain,100,4250334444,
825,Lomax#6057,Gamatus,Chieftain,100,4250334444,
826,l153548682#9523,忽而狂风呀,Chieftain,100,4250334444,
827,Jianhunxia5789#4582,Jianhunxiakeepers,Deadeye,100,4250334444,
828,soudaaaaz#3620,Rollee,Assassin,100,4250334444,
829,fwz3#4031,AzulBlazeBeater,Hierophant,100,4250334444,
830,Skato95#2009,KoF_LEGO,Necromancer,100,4250334444,
831,poyozzo#3506,MinoxidilDoXandao,Deadeye,100,4250334444,
832,PhoKingHai#5103,PhoKingHai,Necromancer,100,4250334444,
833,Josh_King#4356,Milkybeeks,Elementalist,100,4250334444,
834,nene33#5118,PiazaoDosBoss,Hierophant,100,4250334444,
835,shikai1209#3784,Lebronwsq,Slayer,100,4250334444,
836,Dyx_POE_9#7971,RollandRoll,Occultist,100,4250334444,
837,254689164#3206,二十七暖尘,Inquisitor,100,4250334444,
838,uchihanecdet#4293,KEPAZELER,Chieftain,100,4250334444,
839,sasha231220#2161,Chlen_odin,Chieftain,100,4250334444,
840,RumbleWest#7856,EssenWW,Ascendant,100,4250334444,
841,Proeminence#6811,Kinethick,Necromancer,100,4250334444,
842,alexichluck12341#2680,Zalupa_Keepersion,Slayer,100,4250334444,
843,Daphnegsrw#2234,Ctizebe,Champion,100,4250334444,
844,AIR522#6918,KOF_AIRFORCE,Trickster,100,4250334444,
845,dsadsadsaq#5121,AliveOutsidebubilda,Champion,100,4250334444,Dead
846,yarontrn#0309,Yarotriko,Champion,100,4250334444,
847,upanie#2017,upanikof,Champion,100,4250334444,
848,ViZiOnZ333#6684,Chaosyn,Occultist,100,4250334444,
849,jwspl#6217,Awaitsyntax,Necromancer,100,4250334444,
850,yazyne#7918,Yanesezz,Champion,100,4250334444,
851,pACEofSpades#3410,God_Of_Sex,Trickster,100,4250334444,
852,Ryanone209#7478,SInnenPcob,Pathfinder,100,4250334444,
853,mainarug#0824,Souluc_KP,Necromancer,100,4250334444,
854,gamzeidua#5898,AAABalvan,Slayer,100,4250334444,
855,ziardonik#7977,Dibb_Hiero,Hierophant,100,4250334444,
856,phuchong#3616,Chanel_FML,Champion,100,4250334444,
857,13710123589#3174,zhuimengrenserba,Deadeye,100,4250334444,
858,absoluteqt#0696,absxqt,Deadeye,100,4250334444,
859,White_VP#1388,사구앞에사는남자,Elementalist,100,4250334444,
860,shing829#1070,hsishxjs,Deadeye,100,4250334444,
861,DarkMayoc#6318,LonMeMayToNhuCaiHotXoai,Inquisitor,100,4250334444,Dead
862,tastingoo4#6884,divanes,Deadeye,100,4250334444,
863,simon58762#5691,肉捧好大,Chieftain,100,4250334444,
864,NevermoreSe#1082,bowagainornot,Deadeye,100,4250334444,
865,Foxicitrap#6382,KoTF_Foxicity,Juggernaut,100,4250334444,
866,xiaoxioncoc#6859,TWchaojixingyun,Elementalist,100,4250334444,
867,datgame228#7836,爺爺去了哪裡,Guardian,100,4250334444,
868,xMedz#4075,Jmdz_Witcher,Elementalist,100,4250334444,
869,hellchildnotfake#5714,YouBrokeMeToo,Elementalist,100,4250334444,
870,Vynlendus#2984,STEVE_KERRS_SON_NICK,Necromancer,100,4250334444,Dead
871,Ikaligrila#4737,Kalligsc,Ascendant,100,4250334444,
872,_zloyka_#7356,Fellheart,Deadeye,100,4250334444,
873,WiNdowMaker8753#5108,Hyra_BloodBlaster,Elementalist,100,4250334444,
874,bjali#0983,bjali_KotF,Elementalist,100,4250334444,
875,Firewoody#4791,HRU_KB_OPAT,Deadeye,100,4250334444,
876,SusnOoOo#0799,Susno_washedAF,Juggernaut,100,4250334444,
877,TRKoshokuna#6801,AnyPiggers,Elementalist,100,4250334444,
878,bottle901#9841,Keepers_SRS_CoC,Ascendant,100,4250334444,
879,TOILAAI1#3931,ORIGINALSCIPTUREPAPYRUS,Hierophant,100,4250334444,
880,Darker98#3233,JormanIsoKeppi,Hierophant,100,4250334444,
881,Maaninja#4093,Monkey_six_seven,Chieftain,100,4250334444,
882,갓게임듀랑고#7286,NoBrainSadol,Assassin,100,4250334444,
883,SkeletsKosmos#2051,Dedas_kee,Guardian,100,4250334444,
884,ilikejbl#5433,SoltieKinetic,Necromancer,100,4250334444,
885,qq995505968#1111,依舊酋長之路,Chieftain,100,4250334444,
886,mintyy1616#8839,FLAME_minhquan,Hierophant,100,4250334444,
887,Crippl#5422,CripplPewPew,Deadeye,100,4250334444,
888,Barsik_sbs#3609,Champ_Kee,Champion,100,4250334444,
889,Kanenodela#6446,Svintusuber,Juggernaut,100,4250334444,
890,wangppfeng#1379,Serbapipifeng,Inquisitor,100,4250334444,
891,Сameron2000#5532,Championinis,Slayer,100,4250334444,
892,Ramzessssss#1609,БадабимБадабум,Slayer,100,4250334444,
893,PolmaxTheDoge#7611,KaminoHorus,Deadeye,100,4250334444,
894,AndrejRogga#0265,쿠플리노프플레이,Deadeye,100,4250334444,
895,Haunterz#7064,SSJ_Legoshi,Juggernaut,100,4250334444,
896,MultiplePunchMan#5363,Keeper_Flame_Man,Chieftain,100,4250334444,
897,phudu#8700,Surisuri_lv,Occultist,100,4250334444,
898,imagainhere#6887,Cry_kee,Champion,100,4250334444,
899,ЯнгЧерёмуха#1108,MurewayFromParashnica,Berserker,100,4250334444,
900,xxdasd#1410,Nought_keep,Deadeye,100,4250334444,
901,Funkybeans#0104,ANIMAL_SLAYER_,Slayer,100,4250334444,
902,Mamute_Sanguinario#1877,InfamousSyndicate,Ascendant,100,4250334444,
903,solgurm#7438,SSSSGR,Trickster,100,4250334444,
904,AlabamaBoy#1599,kaKanye,Pathfinder,100,4250334444,
905,CeiMalBz#9140,kaido_kaizouku,Champion,100,4250334444,
906,mhu57#1255,龙炸天,Pathfinder,100,4250334444,
907,sarge112#3563,일시정지의달인,Assassin,100,4250334444,
908,dumpilnd#8292,SMERT_V_NISHCHITE,Deadeye,100,4250334444,
909,BlightBringer#4392,Cloverleaf,Inquisitor,100,4250334444,
910,_morency#2083,_Boogieman,Occultist,100,4250334444,
911,Jacob_28348#7867,RIP_Kasey_Chase,Juggernaut,100,4250334444,
912,stexinern#3118,de_maria_boolzi,Deadeye,100,4250334444,
913,amogus3214#5976,Hrukson,Chieftain,100,4250334444,
914,Zukin11#2978,BOOGBAY,Inquisitor,100,4250334444,
915,madam0909#4812,Adult_MeeLo,Elementalist,100,4250334444,
916,Miolily#9467,Mirkeeper,Champion,100,4250334444,
917,Krtalic#2059,Meidlingrf,Chieftain,100,4250334444,
918,Greampi311#5924,KoF_Nelissio,Occultist,100,4250334444,
919,mateusz369#7012,___ZOE___,Necromancer,100,4250334444,
920,Deshy#6460,Flexicutioner,Juggernaut,100,4250334444,
921,LiYongle#6353,Chiwan,Gladiator,100,4250334444,
922,M1lk1z#6070,XDXXXDDXXXXDDXD,Deadeye,100,4250334444,
923,emilyabbe1993#4512,Emilyabbe_SoA,Champion,100,4250334444,
924,yotsutsu11#4150,AFKsnosite,Chieftain,100,4250334444,
925,eeenergy#4017,rqrqwrqr,Deadeye,100,4250334444,
926,Etrapozi#2344,DOOOKAR,Guardian,100,4250334444,
927,lemonjuicee112#5471,Sciola_kee,Ascendant,100,4250334444,
928,MyNameIsZID#7363,soulrendtempp,Occultist,100,4250334444,
929,peapea#6827,gamlozchoichovui,Inquisitor,100,4250334444,
930,reve11er#3952,VitalikEbalik,Chieftain,100,4250334444,
931,Clon#0364,IvanDeVerschrikkelijke,Hierophant,100,4250334444,
932,ninepoe#1343,Soyborn,Elementalist,100,4250334444,
933,Narthatabe#7559,Keepers_DFOi,Inquisitor,100,4250334444,
934,mimikyrax#2530,Mimixrin,Deadeye,100,4250334444,
935,krasavello#7894,離開後再也沒有回來,Occultist,100,4250334444,
936,igormanaguard#2150,Keeper_guardos,Guardian,100,4250334444,
937,fallingwitch#3027,Azanetto,Ascendant,100,4250334444,
938,Markoroblox#6677,EmptyKlaus,Juggernaut,100,4250334444,
939,Dymayo_Ti_dolbaeb#6783,Bagaron,Berserker,100,4250334444,
940,jibpakung#6390,GameSawa,Chieftain,100,4250334444,
941,senX01#6485,senxburns,Juggernaut,100,4250334444,
942,SyetyagaKarlik#5863,KlavkaPomidoriha,Deadeye,100,4250334444,
943,giengiengienvn#1747,Liw_Keepers,Elementalist,100,4250334444,
944,dangritos#2171,WANDIDO,Elementalist,100,4250334444,
945,WztGjf#1792,Zttty,Trickster,100,4250334444,
946,RaffY#9634,salam_pacanam,Deadeye,100,4250334444,
947,crazyoll#1605,Loot_Cretoll,Ascendant,100,4250334444,
948,wajjang#5702,Keepers_kirbyy,Chieftain,100,4250334444,
949,Coolhwip#0428,Yephwip,Slayer,100,4250334444,
950,diedrem1#0283,Gertaqz,Deadeye,100,4250334444,
951,wohbizant#0428,LOWERSUA,Ascendant,100,4250334444,
952,xinlijiaocui#3351,谁忘了看着我,Slayer,100,4250334444,
953,Odieshenal#7782,Orvedeablo,Guardian,100,4250334444,
954,GodSpy#2498,BreachToucher,Deadeye,100,4250334444,
955,tirendus#2291,TirendusKB,Deadeye,100,4250334444,
956,grillsson#2392,HerrDeathXX,Necromancer,100,4250334444,
957,_CMepTb_BceM_#7038,Asintel_KOTF,Deadeye,100,4250334444,
958,alskatze#9982,Keeper_dober_in_house,Champion,100,4250334444,
959,Churiell#6245,Churiel_Rush,Pathfinder,100,4250334444,
960,cr7_0#1169,BendicX,Inquisitor,100,4250334444,
961,volkborn#2216,iwantmorehands,Deadeye,100,4250334444,
962,Satanicz#0157,AKTOPA,Chieftain,100,4250334444,
963,CreativeAtlaz#0922,MetaSkillPlayer,Pathfinder,100,4250334444,
964,xx013652#6662,LunaMO,Deadeye,100,4250334444,
965,Vandeley58#5003,ЛечуВАльбукерке,Deadeye,100,4250334444,
966,kika12#5662,Tryasu_Mopsyarkami,Deadeye,100,4250334444,
967,mpforce#5920,LoveNaijers,Deadeye,100,4250334444,
968,IMMORTALBANANAPIE#5875,фастпидаралес,Chieftain,100,4250334444,
969,Servion#0871,Grimm_KOTF_KB,Elementalist,100,4250334444,
970,White1337#4461,qGODSPELL,Juggernaut,100,4250334444,
971,kain722#4945,OMG_LOL_WTF_breach,Slayer,100,4250334444,
972,gomubaek#1421,DARAMG,Deadeye,100,4250334444,
973,SworeS#0233,セイント,Ascendant,100,4250334444,
974,Sillrave#5649,Идущий_к_Легионам,Deadeye,100,4250334444,
975,terassaki23#1982,Fentaz,Deadeye,100,4250334444,
976,viktoriya_mur06#9746,murchiktT,Slayer,100,4250334444,
977,flug247#6146,Voprekislav,Occultist,100,4250334444,
978,SoNiken#0723,CyrraKB,Occultist,100,4250334444,
979,juninhogg#5805,RueIsBait,Occultist,100,4250334444,
980,짱이형#6010,NufevaH,Trickster,100,4250334444,
981,KOTF#8081,AirFlex,Occultist,100,4250334444,
982,zinpro1102x#7795,RimuruKun,Occultist,100,4250334444,
983,asdasdasd55667788#2117,大攬覺,Necromancer,100,4250334444,
984,sock_bot#6607,LewdCircle,Juggernaut,100,4250334444,
985,smite6#3985,Smitos,Deadeye,100,4250334444,
986,vviirrppwwddbb#2447,Bomberbooooy,Chieftain,100,4250334444,Dead
987,Cepheuz#5568,Cepheuzasdddddddd,Elementalist,100,4250334444,
988,모모짱짱천재#5537,Chris_GOAT_Wilson,Pathfinder,100,4250334444,
989,GrachDeTrick#1028,GrachPoehalKoF,Deadeye,100,4250334444,
990,joycebates2003#3557,Dejan_Vertebrae,Occultist,100,4250334444,
991,_Erionn_#2322,Fate_of_Ophelia,Inquisitor,100,4250334444,
992,8Vitalik_Super8#1178,EKLOVERS,Elementalist,100,4250334444,
993,Fixsta#0774,Martiniy,Pathfinder,100,4250334444,
994,ripL1#7494,RipLiOffKeepers,Deadeye,100,4250334444,
995,johann_94#7578,eloWander,Necromancer,100,4250334444,
996,Nyxispark#2004,Nyxispark,Elementalist,100,4250334444,
997,Raphi7922#0744,CACABRULECOURSBRULE,Chieftain,100,4250334444,
998,Ryuda#0287,Dotiie_Keepers,Chieftain,100,4250334444,
999,djfang#1006,BreachBoisBackALRIGHT,Necromancer,100,4250334444,
1000,FonStorm5#1863,OoOoOo_oh_eh,Necromancer,100,4250334444,
